{"productId":10,"categoryId":1,"productName":"HP Chromebook 14 G1(ES)","price":1261.99,"description":"Introducing the next generation HP EliteBook Folio 9480m Ultrabook™[2]. Timeless, ultra slim profile in an all metal design with optional 4G Broadband wWAN, and 4th Generation Intel® Core™ Processing Technology.","imageUrl":"1250","attributes":[{"attributeName":"PROCESSOR","attributeValue":"Intel(R) Core(TM) i5-6200U Dual CoreProcessor"},{"attributeName":"TOUCHSCREEN","attributeValue":"No"},{"attributeName":"DISPLAY RESOLUTION","attributeValue":"1600x900"},{"attributeName":"CUSTOMIZATION","attributeValue":"Business"},{"attributeName":"MEMORY","attributeValue":"16GB DDR3 - 2 DIMM"},{"attributeName":"WEIGHT","attributeValue":"3.2 lb"},{"attributeName":"DISPLAY SIZE","attributeValue":"14"},{"attributeName":"DISPLAY","attributeValue":"14-inch diagonal LED-backlit HD+ SVA Anti-Glare (1600x900)"},{"attributeName":"OPERATING SYSTEM","attributeValue":"Windows 10"}],"colors":[{"code":"C3C3C3","name":"GRAY","inStock":10}],"images":["C3C3C3##1250"],"productStatus":"Active"}