{
  "FilterHeaders": [
    {
      "Header": "x-requested-with",
      "IncludeInScript": true
    },
    {
      "Header": "user-agent",
      "IncludeInScript": false
    },
    {
      "Header": "upgrade-insecure-requests",
      "IncludeInScript": true
    },
    {
      "Header": "soapaction",
      "IncludeInScript": true
    },
    {
      "Header": "sec-fetch-user",
      "IncludeInScript": true
    },
    {
      "Header": "sec-fetch-site",
      "IncludeInScript": true
    },
    {
      "Header": "sec-fetch-mode",
      "IncludeInScript": true
    },
    {
      "Header": "sec-fetch-dest",
      "IncludeInScript": true
    },
    {
      "Header": "origin",
      "IncludeInScript": true
    },
    {
      "Header": "authorization",
      "IncludeInScript": true
    },
    {
      "Header": "accept-language",
      "IncludeInScript": false
    },
    {
      "Header": "accept-encoding",
      "IncludeInScript": false
    },
    {
      "Header": "accept",
      "IncludeInScript": false
    }
  ],
  "FilterResources": [
    {
      "IsNonResource": true,
      "type": "text/xml"
    },
    {
      "IsNonResource": true,
      "type": "text/html"
    },
    {
      "IsNonResource": false,
      "type": "text/css"
    },
    {
      "IsNonResource": false,
      "type": "image/x-icon"
    },
    {
      "IsNonResource": false,
      "type": "image/svg+xml"
    },
    {
      "IsNonResource": false,
      "type": "image/png"
    },
    {
      "IsNonResource": false,
      "type": "image/jpeg"
    },
    {
      "IsNonResource": false,
      "type": "font/woff"
    },
    {
      "IsNonResource": true,
      "type": "application/json"
    },
    {
      "IsNonResource": false,
      "type": "application/javascript"
    }
  ],
  "GeneralInfo": {
    "BrowserVersion": "",
    "IsWinInetMode": false,
    "MaxUsedConnections": 6,
    "RecordedBrowser": "d:\\стажировка\\установщики для стажировки\\firefoxportable\\firefoxportable.exe",
    "RecordingDate": "ноя-07-2022",
    "RecordingDuration": 154406,
    "RecordingMode": "N/A",
    "RecordingTimeStamp": 1667802465,
    "RecordingType": "Application",
    "TotalBytesReceived": 2508827,
    "TotalBytesSent": 51700,
    "TotalRequests": 72,
    "UserAgent": "Mozilla/5.0 (Windows NT 10.0; Win64; x64; rv:105.0) Gecko/20100101 Firefox/105.0"
  },
  "HostInfo": [
    {
      "DomainName": "firefox.com",
      "Domains": [
        {
          "HTTPVersion": "HTTP/1.1",
          "IP": "34.107.221.82",
          "IncludeInScript": false,
          "Name": "detectportal.firefox.com",
          "Port": 80,
          "Requests": [
            {
              "CompressionType": "",
              "DataType": "text/plain",
              "DownloadTime": 47,
              "EventId": 1463,
              "HttpStatus": 200,
              "Size": 8,
              "URL": "http://detectportal.firefox.com/success.txt?ipv4"
            },
            {
              "CompressionType": "",
              "DataType": "text/html",
              "DownloadTime": 32,
              "EventId": 1432,
              "HttpStatus": 200,
              "Size": 90,
              "URL": "http://detectportal.firefox.com/canonical.html"
            },
            {
              "CompressionType": "",
              "DataType": "text/plain",
              "DownloadTime": 31,
              "EventId": 1352,
              "HttpStatus": 200,
              "Size": 8,
              "URL": "http://detectportal.firefox.com/success.txt?ipv4"
            },
            {
              "CompressionType": "",
              "DataType": "text/html",
              "DownloadTime": 32,
              "EventId": 1334,
              "HttpStatus": 200,
              "Size": 90,
              "URL": "http://detectportal.firefox.com/canonical.html"
            },
            {
              "CompressionType": "",
              "DataType": "text/plain",
              "DownloadTime": 32,
              "EventId": 1280,
              "HttpStatus": 200,
              "Size": 8,
              "URL": "http://detectportal.firefox.com/success.txt?ipv4"
            },
            {
              "CompressionType": "",
              "DataType": "text/html",
              "DownloadTime": 47,
              "EventId": 1259,
              "HttpStatus": 200,
              "Size": 90,
              "URL": "http://detectportal.firefox.com/canonical.html"
            },
            {
              "CompressionType": "",
              "DataType": "text/html",
              "DownloadTime": 31,
              "EventId": 1186,
              "HttpStatus": 200,
              "Size": 90,
              "URL": "http://detectportal.firefox.com/canonical.html"
            },
            {
              "CompressionType": "",
              "DataType": "text/plain",
              "DownloadTime": 188,
              "EventId": 1104,
              "HttpStatus": 200,
              "Size": 8,
              "URL": "http://detectportal.firefox.com/success.txt?ipv4"
            },
            {
              "CompressionType": "",
              "DataType": "text/html",
              "DownloadTime": 31,
              "EventId": 1081,
              "HttpStatus": 200,
              "Size": 90,
              "URL": "http://detectportal.firefox.com/canonical.html"
            },
            {
              "CompressionType": "",
              "DataType": "text/plain",
              "DownloadTime": 31,
              "EventId": 856,
              "HttpStatus": 200,
              "Size": 8,
              "URL": "http://detectportal.firefox.com/success.txt?ipv4"
            },
            {
              "CompressionType": "",
              "DataType": "text/html",
              "DownloadTime": 47,
              "EventId": 838,
              "HttpStatus": 200,
              "Size": 90,
              "URL": "http://detectportal.firefox.com/canonical.html"
            },
            {
              "CompressionType": "",
              "DataType": "text/plain",
              "DownloadTime": 31,
              "EventId": 836,
              "HttpStatus": 200,
              "Size": 8,
              "URL": "http://detectportal.firefox.com/success.txt?ipv4"
            },
            {
              "CompressionType": "",
              "DataType": "text/html",
              "DownloadTime": 47,
              "EventId": 789,
              "HttpStatus": 200,
              "Size": 90,
              "URL": "http://detectportal.firefox.com/canonical.html"
            },
            {
              "CompressionType": "",
              "DataType": "text/html",
              "DownloadTime": 47,
              "EventId": 611,
              "HttpStatus": 200,
              "Size": 90,
              "URL": "http://detectportal.firefox.com/canonical.html"
            }
          ],
          "SSLCipher": "None",
          "SSLVersion": "None"
        }
      ],
      "IncludeInScript": true
    },
    {
      "DomainName": "advantageonlineshopping.com",
      "Domains": [
        {
          "HTTPVersion": "HTTP/1.1",
          "IP": "54.227.55.203",
          "IncludeInScript": true,
          "Name": "www.advantageonlineshopping.com",
          "Port": 443,
          "Requests": [
            {
              "CompressionType": "",
              "DataType": "text/xml",
              "DownloadTime": 719,
              "EventId": 1469,
              "HttpStatus": 200,
              "Size": 402,
              "URL": "https://www.advantageonlineshopping.com/accountservice/ws/AccountLogoutRequest"
            },
            {
              "CompressionType": "",
              "DataType": "image/png",
              "DownloadTime": 281,
              "EventId": 1458,
              "HttpStatus": 200,
              "Size": 4650,
              "URL": "https://www.advantageonlineshopping.com/css/images/SafePay.png"
            },
            {
              "CompressionType": "",
              "DataType": "image/png",
              "DownloadTime": 156,
              "EventId": 1456,
              "HttpStatus": 200,
              "Size": 1651,
              "URL": "https://www.advantageonlineshopping.com/css/images/Master_credit.png"
            },
            {
              "CompressionType": "gzip",
              "DataType": "text/html",
              "DownloadTime": 140,
              "EventId": 1454,
              "HttpStatus": 200,
              "Size": 1465,
              "URL": "https://www.advantageonlineshopping.com/app/views/shoppingCart.html"
            },
            {
              "CompressionType": "gzip",
              "DataType": "application/json",
              "DownloadTime": 766,
              "EventId": 1452,
              "HttpStatus": 200,
              "Size": 297,
              "URL": "https://www.advantageonlineshopping.com/order/api/v1/carts/401866217"
            },
            {
              "CompressionType": "gzip",
              "DataType": "application/json",
              "DownloadTime": 875,
              "EventId": 1450,
              "HttpStatus": 201,
              "Size": 264,
              "URL": "https://www.advantageonlineshopping.com/order/api/v1/carts/401866217/product/10/color/C3C3C3?quantity=1"
            },
            {
              "CompressionType": "",
              "DataType": "image/png",
              "DownloadTime": 297,
              "EventId": 1400,
              "HttpStatus": 200,
              "Size": 1542,
              "URL": "https://www.advantageonlineshopping.com/css/images/reviewUser.png"
            },
            {
              "CompressionType": "",
              "DataType": "image/png",
              "DownloadTime": 156,
              "EventId": 1398,
              "HttpStatus": 200,
              "Size": 1087,
              "URL": "https://www.advantageonlineshopping.com/css/images/review_Left_disabled.png"
            },
            {
              "CompressionType": "",
              "DataType": "image/png",
              "DownloadTime": 157,
              "EventId": 1396,
              "HttpStatus": 200,
              "Size": 1075,
              "URL": "https://www.advantageonlineshopping.com/css/images/review_right.png"
            },
            {
              "CompressionType": "gzip",
              "DataType": "text/html",
              "DownloadTime": 156,
              "EventId": 1394,
              "HttpStatus": 200,
              "Size": 2360,
              "URL": "https://www.advantageonlineshopping.com/app/views/product-page.html"
            },
            {
              "CompressionType": "gzip",
              "DataType": "application/json",
              "DownloadTime": 1063,
              "EventId": 1392,
              "HttpStatus": 200,
              "Size": 3014,
              "URL": "https://www.advantageonlineshopping.com/catalog/api/v1/categories/1/products"
            },
            {
              "CompressionType": "gzip",
              "DataType": "application/json",
              "DownloadTime": 1266,
              "EventId": 1390,
              "HttpStatus": 200,
              "Size": 8478,
              "URL": "https://www.advantageonlineshopping.com/catalog/api/v1/categories/all_data"
            },
            {
              "CompressionType": "gzip",
              "DataType": "application/json",
              "DownloadTime": 375,
              "EventId": 1388,
              "HttpStatus": 200,
              "Size": 578,
              "URL": "https://www.advantageonlineshopping.com/catalog/api/v1/products/10"
            },
            {
              "CompressionType": "",
              "DataType": "image/jpeg",
              "DownloadTime": 422,
              "EventId": 1366,
              "HttpStatus": 200,
              "Size": 48700,
              "URL": "https://www.advantageonlineshopping.com/catalog/fetchImage?image_id=1245"
            },
            {
              "CompressionType": "",
              "DataType": "image/png",
              "DownloadTime": 312,
              "EventId": 1362,
              "HttpStatus": 200,
              "Size": 224086,
              "URL": "https://www.advantageonlineshopping.com/css/images/category_banner_1.png"
            },
            {
              "CompressionType": "",
              "DataType": "image/jpeg",
              "DownloadTime": 312,
              "EventId": 1359,
              "HttpStatus": 200,
              "Size": 28946,
              "URL": "https://www.advantageonlineshopping.com/catalog/fetchImage?image_id=1400"
            },
            {
              "CompressionType": "",
              "DataType": "image/jpeg",
              "DownloadTime": 281,
              "EventId": 1356,
              "HttpStatus": 200,
              "Size": 61923,
              "URL": "https://www.advantageonlineshopping.com/catalog/fetchImage?image_id=1800"
            },
            {
              "CompressionType": "",
              "DataType": "image/jpeg",
              "DownloadTime": 297,
              "EventId": 1354,
              "HttpStatus": 200,
              "Size": 51082,
              "URL": "https://www.advantageonlineshopping.com/catalog/fetchImage?image_id=11100"
            },
            {
              "CompressionType": "",
              "DataType": "image/jpeg",
              "DownloadTime": 578,
              "EventId": 1326,
              "HttpStatus": 200,
              "Size": 33229,
              "URL": "https://www.advantageonlineshopping.com/catalog/fetchImage?image_id=1600"
            },
            {
              "CompressionType": "",
              "DataType": "image/jpeg",
              "DownloadTime": 547,
              "EventId": 1322,
              "HttpStatus": 200,
              "Size": 49974,
              "URL": "https://www.advantageonlineshopping.com/catalog/fetchImage?image_id=1100"
            },
            {
              "CompressionType": "",
              "DataType": "image/jpeg",
              "DownloadTime": 562,
              "EventId": 1319,
              "HttpStatus": 200,
              "Size": 38520,
              "URL": "https://www.advantageonlineshopping.com/catalog/fetchImage?image_id=1250"
            },
            {
              "CompressionType": "",
              "DataType": "image/jpeg",
              "DownloadTime": 578,
              "EventId": 1316,
              "HttpStatus": 200,
              "Size": 26778,
              "URL": "https://www.advantageonlineshopping.com/catalog/fetchImage?image_id=1249"
            },
            {
              "CompressionType": "",
              "DataType": "image/jpeg",
              "DownloadTime": 313,
              "EventId": 1314,
              "HttpStatus": 200,
              "Size": 30727,
              "URL": "https://www.advantageonlineshopping.com/catalog/fetchImage?image_id=1200"
            },
            {
              "CompressionType": "",
              "DataType": "image/jpeg",
              "DownloadTime": 297,
              "EventId": 1312,
              "HttpStatus": 200,
              "Size": 28687,
              "URL": "https://www.advantageonlineshopping.com/catalog/fetchImage?image_id=1700"
            },
            {
              "CompressionType": "",
              "DataType": "image/png",
              "DownloadTime": 235,
              "EventId": 1306,
              "HttpStatus": 200,
              "Size": 1415,
              "URL": "https://www.advantageonlineshopping.com/css/images/Filter.png"
            },
            {
              "CompressionType": "gzip",
              "DataType": "text/html",
              "DownloadTime": 156,
              "EventId": 1298,
              "HttpStatus": 200,
              "Size": 741,
              "URL": "https://www.advantageonlineshopping.com/app/views/category-page.html"
            },
            {
              "CompressionType": "gzip",
              "DataType": "application/json",
              "DownloadTime": 656,
              "EventId": 1296,
              "HttpStatus": 200,
              "Size": 552,
              "URL": "https://www.advantageonlineshopping.com/catalog/api/v1/categories/attributes"
            },
            {
              "CompressionType": "gzip",
              "DataType": "application/json",
              "DownloadTime": 1141,
              "EventId": 1294,
              "HttpStatus": 200,
              "Size": 3017,
              "URL": "https://www.advantageonlineshopping.com/catalog/api/v1/categories/1/products"
            },
            {
              "CompressionType": "gzip",
              "DataType": "application/json",
              "DownloadTime": 657,
              "EventId": 1292,
              "HttpStatus": 200,
              "Size": 100,
              "URL": "https://www.advantageonlineshopping.com/order/api/v1/carts/401866217"
            },
            {
              "CompressionType": "gzip",
              "DataType": "application/json",
              "DownloadTime": 547,
              "EventId": 1290,
              "HttpStatus": 200,
              "Size": 110,
              "URL": "https://www.advantageonlineshopping.com/order/api/v1/carts/401866217"
            },
            {
              "CompressionType": "",
              "DataType": "text/xml",
              "DownloadTime": 594,
              "EventId": 1288,
              "HttpStatus": 200,
              "Size": 787,
              "URL": "https://www.advantageonlineshopping.com/accountservice/ws/AccountLoginRequest"
            },
            {
              "CompressionType": "",
              "DataType": "image/png",
              "DownloadTime": 140,
              "EventId": 1282,
              "HttpStatus": 200,
              "Size": 1029,
              "URL": "https://www.advantageonlineshopping.com/css/images/FacebookLogo.png"
            },
            {
              "CompressionType": "",
              "DataType": "image/jpeg",
              "DownloadTime": 578,
              "EventId": 1107,
              "HttpStatus": 200,
              "Size": 42737,
              "URL": "https://www.advantageonlineshopping.com/css/images/Popular-item1.jpg"
            },
            {
              "CompressionType": "",
              "DataType": "image/jpeg",
              "DownloadTime": 313,
              "EventId": 1102,
              "HttpStatus": 200,
              "Size": 28087,
              "URL": "https://www.advantageonlineshopping.com/css/images/Popular-item2.jpg"
            },
            {
              "CompressionType": "",
              "DataType": "image/jpeg",
              "DownloadTime": 156,
              "EventId": 1099,
              "HttpStatus": 200,
              "Size": 25978,
              "URL": "https://www.advantageonlineshopping.com/css/images/Popular-item3.jpg"
            },
            {
              "CompressionType": "",
              "DataType": "image/png",
              "DownloadTime": 531,
              "EventId": 1026,
              "HttpStatus": 200,
              "Size": 1707,
              "URL": "https://www.advantageonlineshopping.com/css/images/linkedin.png"
            },
            {
              "CompressionType": "",
              "DataType": "image/jpeg",
              "DownloadTime": 531,
              "EventId": 1024,
              "HttpStatus": 200,
              "Size": 85091,
              "URL": "https://www.advantageonlineshopping.com/css/images/Banner2.jpg"
            },
            {
              "CompressionType": "",
              "DataType": "image/jpeg",
              "DownloadTime": 531,
              "EventId": 1022,
              "HttpStatus": 200,
              "Size": 68456,
              "URL": "https://www.advantageonlineshopping.com/css/images/Banner3.jpg"
            },
            {
              "CompressionType": "",
              "DataType": "image/jpeg",
              "DownloadTime": 531,
              "EventId": 1020,
              "HttpStatus": 200,
              "Size": 60070,
              "URL": "https://www.advantageonlineshopping.com/catalog/fetchImage?image_id=headphones"
            },
            {
              "CompressionType": "",
              "DataType": "font/woff",
              "DownloadTime": 531,
              "EventId": 1018,
              "HttpStatus": 200,
              "Size": 24944,
              "URL": "https://www.advantageonlineshopping.com/css/fonts/roboto_thin_macroman/Roboto-Thin-webfont.woff"
            },
            {
              "CompressionType": "",
              "DataType": "image/jpeg",
              "DownloadTime": 296,
              "EventId": 1015,
              "HttpStatus": 200,
              "Size": 496378,
              "URL": "https://www.advantageonlineshopping.com/css/images/Banner1.jpg"
            },
            {
              "CompressionType": "",
              "DataType": "font/woff",
              "DownloadTime": 297,
              "EventId": 1007,
              "HttpStatus": 200,
              "Size": 24808,
              "URL": "https://www.advantageonlineshopping.com/css/fonts/roboto_bold_macroman/Roboto-Bold-webfont.woff"
            },
            {
              "CompressionType": "",
              "DataType": "image/png",
              "DownloadTime": 578,
              "EventId": 986,
              "HttpStatus": 200,
              "Size": 91647,
              "URL": "https://www.advantageonlineshopping.com/catalog/fetchImage?image_id=mice"
            },
            {
              "CompressionType": "",
              "DataType": "image/png",
              "DownloadTime": 578,
              "EventId": 983,
              "HttpStatus": 200,
              "Size": 228775,
              "URL": "https://www.advantageonlineshopping.com/catalog/fetchImage?image_id=speakers"
            },
            {
              "CompressionType": "",
              "DataType": "image/png",
              "DownloadTime": 297,
              "EventId": 981,
              "HttpStatus": 200,
              "Size": 996,
              "URL": "https://www.advantageonlineshopping.com/css/images/arrow_right.png"
            },
            {
              "CompressionType": "",
              "DataType": "image/jpeg",
              "DownloadTime": 297,
              "EventId": 979,
              "HttpStatus": 200,
              "Size": 47798,
              "URL": "https://www.advantageonlineshopping.com/catalog/fetchImage?image_id=laptops"
            },
            {
              "CompressionType": "",
              "DataType": "image/jpeg",
              "DownloadTime": 297,
              "EventId": 977,
              "HttpStatus": 200,
              "Size": 63833,
              "URL": "https://www.advantageonlineshopping.com/catalog/fetchImage?image_id=tablets"
            },
            {
              "CompressionType": "",
              "DataType": "image/png",
              "DownloadTime": 406,
              "EventId": 973,
              "HttpStatus": 200,
              "Size": 1583,
              "URL": "https://www.advantageonlineshopping.com/css/images/facebook.png"
            },
            {
              "CompressionType": "",
              "DataType": "image/png",
              "DownloadTime": 375,
              "EventId": 971,
              "HttpStatus": 200,
              "Size": 2064,
              "URL": "https://www.advantageonlineshopping.com/css/images/twitter.png"
            },
            {
              "CompressionType": "",
              "DataType": "image/png",
              "DownloadTime": 297,
              "EventId": 967,
              "HttpStatus": 200,
              "Size": 3003,
              "URL": "https://www.advantageonlineshopping.com/css/images/chat_logo.png"
            },
            {
              "CompressionType": "",
              "DataType": "image/png",
              "DownloadTime": 266,
              "EventId": 965,
              "HttpStatus": 200,
              "Size": 2114,
              "URL": "https://www.advantageonlineshopping.com/css/images/GoUp.png"
            },
            {
              "CompressionType": "",
              "DataType": "image/jpeg",
              "DownloadTime": 297,
              "EventId": 962,
              "HttpStatus": 200,
              "Size": 80826,
              "URL": "https://www.advantageonlineshopping.com/css/images/Special-offer.jpg"
            },
            {
              "CompressionType": "gzip",
              "DataType": "text/html",
              "DownloadTime": 156,
              "EventId": 959,
              "HttpStatus": 200,
              "Size": 2232,
              "URL": "https://www.advantageonlineshopping.com/app/views/home-page.html"
            },
            {
              "CompressionType": "gzip",
              "DataType": "application/json",
              "DownloadTime": 156,
              "EventId": 957,
              "HttpStatus": 200,
              "Size": 500,
              "URL": "https://www.advantageonlineshopping.com/app/tempFiles/popularProducts.json"
            },
            {
              "CompressionType": "gzip",
              "DataType": "application/json",
              "DownloadTime": 250,
              "EventId": 955,
              "HttpStatus": 200,
              "Size": 351,
              "URL": "https://www.advantageonlineshopping.com/catalog/api/v1/deals/search?dealOfTheDay=true"
            },
            {
              "CompressionType": "gzip",
              "DataType": "application/json",
              "DownloadTime": 234,
              "EventId": 953,
              "HttpStatus": 200,
              "Size": 4460,
              "URL": "https://www.advantageonlineshopping.com/catalog/api/v1/categories"
            },
            {
              "CompressionType": "",
              "DataType": "text/xml",
              "DownloadTime": 172,
              "EventId": 950,
              "HttpStatus": 200,
              "Size": 823,
              "URL": "https://www.advantageonlineshopping.com/accountservice/ws/GetAccountConfigurationRequest"
            },
            {
              "CompressionType": "gzip",
              "DataType": "application/json",
              "DownloadTime": 250,
              "EventId": 948,
              "HttpStatus": 200,
              "Size": 649,
              "URL": "https://www.advantageonlineshopping.com/catalog/api/v1/products/3"
            },
            {
              "CompressionType": "gzip",
              "DataType": "application/json",
              "DownloadTime": 172,
              "EventId": 940,
              "HttpStatus": 200,
              "Size": 6541,
              "URL": "https://www.advantageonlineshopping.com/catalog/api/v1/DemoAppConfig/parameters/by_tool/ALL"
            },
            {
              "CompressionType": "",
              "DataType": "image/jpeg",
              "DownloadTime": 172,
              "EventId": 937,
              "HttpStatus": 200,
              "Size": 51626,
              "URL": "https://www.advantageonlineshopping.com/catalog/fetchImage?image_id=1300"
            },
            {
              "CompressionType": "",
              "DataType": "font/woff",
              "DownloadTime": 313,
              "EventId": 928,
              "HttpStatus": 200,
              "Size": 25048,
              "URL": "https://www.advantageonlineshopping.com/css/fonts/roboto_medium_macroman/Roboto-Medium-webfont.woff"
            },
            {
              "CompressionType": "",
              "DataType": "image/png",
              "DownloadTime": 422,
              "EventId": 925,
              "HttpStatus": 200,
              "Size": 1098,
              "URL": "https://www.advantageonlineshopping.com/css/images/closeDark.png"
            },
            {
              "CompressionType": "",
              "DataType": "",
              "DownloadTime": 390,
              "EventId": 923,
              "HttpStatus": 200,
              "Size": 1010,
              "URL": "https://www.advantageonlineshopping.com/services.properties"
            },
            {
              "CompressionType": "",
              "DataType": "font/woff",
              "DownloadTime": 297,
              "EventId": 921,
              "HttpStatus": 200,
              "Size": 24576,
              "URL": "https://www.advantageonlineshopping.com/css/fonts/roboto_light_macroman/Roboto-Light-webfont.woff"
            },
            {
              "CompressionType": "",
              "DataType": "image/png",
              "DownloadTime": 156,
              "EventId": 919,
              "HttpStatus": 200,
              "Size": 2645,
              "URL": "https://www.advantageonlineshopping.com/css/images/logo.png"
            },
            {
              "CompressionType": "",
              "DataType": "image/x-icon",
              "DownloadTime": 579,
              "EventId": 910,
              "HttpStatus": 200,
              "Size": 1150,
              "URL": "https://www.advantageonlineshopping.com/css/images/favicon.ico"
            },
            {
              "CompressionType": "",
              "DataType": "image/svg+xml",
              "DownloadTime": 641,
              "EventId": 900,
              "HttpStatus": 200,
              "Size": 795,
              "URL": "https://www.advantageonlineshopping.com/css/images/Down_arrow.svg"
            },
            {
              "CompressionType": "gzip",
              "DataType": "application/javascript",
              "DownloadTime": 157,
              "EventId": 886,
              "HttpStatus": 200,
              "Size": 268242,
              "URL": "https://www.advantageonlineshopping.com/main.min.js"
            },
            {
              "CompressionType": "",
              "DataType": "font/woff",
              "DownloadTime": 157,
              "EventId": 881,
              "HttpStatus": 200,
              "Size": 25020,
              "URL": "https://www.advantageonlineshopping.com/css/fonts/roboto_regular_macroman/Roboto-Regular-webfont.woff"
            },
            {
              "CompressionType": "gzip",
              "DataType": "application/javascript",
              "DownloadTime": 313,
              "EventId": 874,
              "HttpStatus": 200,
              "Size": 20995,
              "URL": "https://www.advantageonlineshopping.com/vendor/requirejs/require.js"
            },
            {
              "CompressionType": "gzip",
              "DataType": "text/css",
              "DownloadTime": 297,
              "EventId": 869,
              "HttpStatus": 200,
              "Size": 30100,
              "URL": "https://www.advantageonlineshopping.com/css/main.min.css"
            },
            {
              "CompressionType": "gzip",
              "DataType": "text/html",
              "DownloadTime": 156,
              "EventId": 866,
              "HttpStatus": 200,
              "Size": 2805,
              "URL": "https://www.advantageonlineshopping.com/"
            }
          ],
          "SSLCipher": "TLS_AES_256_GCM_SHA384",
          "SSLVersion": "TLS1.3"
        }
      ],
      "IncludeInScript": true
    }
  ],
  "WebSocket": {
    "IncludeInScript": false,
    "IsScriptIncludeWebSocket": false
  },
  "NumberOfCorrelations": 1
}